trial_id,seed,cache_enabled,bug_type,bug_detected,unique_values_seen,elapsed_micros
0,0,true,any_value,false,0,2137
1,7919,true,any_value,false,0,644
2,15838,true,any_value,false,0,339
3,23757,true,any_value,false,0,294
4,31676,true,any_value,false,0,221
5,39595,true,any_value,false,0,210
6,47514,true,any_value,false,0,321
7,55433,true,any_value,false,0,270
8,63352,true,any_value,false,0,267
9,71271,true,any_value,true,0,398
10,79190,true,any_value,false,0,257
11,87109,true,any_value,true,0,66
12,95028,true,any_value,false,0,233
13,102947,true,any_value,false,0,188
14,110866,true,any_value,false,0,183
15,118785,true,any_value,true,0,52
16,126704,true,any_value,false,0,172
17,134623,true,any_value,false,0,443
18,142542,true,any_value,false,0,152
19,150461,true,any_value,false,0,133
20,158380,true,any_value,false,0,163
21,166299,true,any_value,false,0,124
22,174218,true,any_value,false,0,152
23,182137,true,any_value,false,0,126
24,190056,true,any_value,false,0,143
25,197975,true,any_value,false,0,156
26,205894,true,any_value,false,0,155
27,213813,true,any_value,false,0,275
28,221732,true,any_value,false,0,145
29,229651,true,any_value,false,0,144
30,237570,true,any_value,false,0,141
31,245489,true,any_value,false,0,261
32,253408,true,any_value,true,0,116
33,261327,true,any_value,false,0,156
34,269246,true,any_value,false,0,136
35,277165,true,any_value,false,0,276
36,285084,true,any_value,false,0,128
37,293003,true,any_value,false,0,138
38,300922,true,any_value,true,0,50
39,308841,true,any_value,false,0,131
40,316760,true,any_value,false,0,109
41,324679,true,any_value,false,0,101
42,332598,true,any_value,false,0,118
43,340517,true,any_value,true,0,42
44,348436,true,any_value,true,0,36
45,356355,true,any_value,false,0,105
46,364274,true,any_value,false,0,105
47,372193,true,any_value,false,0,103
48,380112,true,any_value,false,0,100
49,388031,true,any_value,false,0,103
50,395950,true,any_value,false,0,109
51,403869,true,any_value,false,0,115
52,411788,true,any_value,true,0,43
53,419707,true,any_value,false,0,105
54,427626,true,any_value,false,0,231
55,435545,true,any_value,false,0,110
56,443464,true,any_value,false,0,113
57,451383,true,any_value,false,0,102
58,459302,true,any_value,false,0,98
59,467221,true,any_value,false,0,98
60,475140,true,any_value,false,0,98
61,483059,true,any_value,false,0,111
62,490978,true,any_value,false,0,99
63,498897,true,any_value,false,0,98
64,506816,true,any_value,false,0,104
65,514735,true,any_value,false,0,97
66,522654,true,any_value,false,0,96
67,530573,true,any_value,false,0,99
68,538492,true,any_value,true,0,39
69,546411,true,any_value,true,0,42
70,554330,true,any_value,false,0,122
71,562249,true,any_value,false,0,96
72,570168,true,any_value,false,0,97
73,578087,true,any_value,true,0,37
74,586006,true,any_value,false,0,187
75,593925,true,any_value,false,0,104
76,601844,true,any_value,false,0,96
77,609763,true,any_value,false,0,96
78,617682,true,any_value,false,0,97
79,625601,true,any_value,false,0,96
80,633520,true,any_value,false,0,119
81,641439,true,any_value,false,0,97
82,649358,true,any_value,false,0,105
83,657277,true,any_value,true,0,40
84,665196,true,any_value,false,0,111
85,673115,true,any_value,false,0,96
86,681034,true,any_value,true,0,24
87,688953,true,any_value,false,0,95
88,696872,true,any_value,false,0,95
89,704791,true,any_value,false,0,97
90,712710,true,any_value,false,0,94
91,720629,true,any_value,false,0,109
92,728548,true,any_value,false,0,95
93,736467,true,any_value,false,0,169
94,744386,true,any_value,true,0,22
95,752305,true,any_value,false,0,95
96,760224,true,any_value,false,0,95
97,768143,true,any_value,false,0,94
98,776062,true,any_value,false,0,95
99,783981,true,any_value,false,0,95
100,791900,true,any_value,false,0,104
101,799819,true,any_value,false,0,96
102,807738,true,any_value,true,0,36
103,815657,true,any_value,false,0,104
104,823576,true,any_value,true,0,35
105,831495,true,any_value,true,0,23
106,839414,true,any_value,false,0,96
107,847333,true,any_value,false,0,96
108,855252,true,any_value,true,0,32
109,863171,true,any_value,false,0,104
110,871090,true,any_value,false,0,96
111,879009,true,any_value,false,0,109
112,886928,true,any_value,false,0,101
113,894847,true,any_value,false,0,94
114,902766,true,any_value,false,0,180
115,910685,true,any_value,false,0,95
116,918604,true,any_value,true,0,23
117,926523,true,any_value,false,0,95
118,934442,true,any_value,true,0,24
119,942361,true,any_value,true,0,23
120,950280,true,any_value,false,0,105
121,958199,true,any_value,false,0,94
122,966118,true,any_value,false,0,116
123,974037,true,any_value,false,0,97
124,981956,true,any_value,false,0,94
125,989875,true,any_value,false,0,94
126,997794,true,any_value,false,0,97
127,1005713,true,any_value,false,0,104
128,1013632,true,any_value,false,0,134
129,1021551,true,any_value,true,0,24
130,1029470,true,any_value,false,0,95
131,1037389,true,any_value,true,0,108
132,1045308,true,any_value,false,0,115
133,1053227,true,any_value,false,0,98
134,1061146,true,any_value,false,0,100
135,1069065,true,any_value,false,0,94
136,1076984,true,any_value,false,0,126
137,1084903,true,any_value,true,0,23
138,1092822,true,any_value,false,0,235
139,1100741,true,any_value,false,0,98
140,1108660,true,any_value,false,0,96
141,1116579,true,any_value,false,0,94
142,1124498,true,any_value,false,0,97
143,1132417,true,any_value,false,0,97
144,1140336,true,any_value,false,0,94
145,1148255,true,any_value,true,0,57
146,1156174,true,any_value,true,0,25
147,1164093,true,any_value,false,0,96
148,1172012,true,any_value,false,0,93
149,1179931,true,any_value,false,0,97
150,1187850,true,any_value,false,0,90
151,1195769,true,any_value,false,0,100
152,1203688,true,any_value,false,0,90
153,1211607,true,any_value,false,0,92
154,1219526,true,any_value,false,0,88
155,1227445,true,any_value,false,0,107
156,1235364,true,any_value,false,0,92
157,1243283,true,any_value,false,0,89
158,1251202,true,any_value,false,0,89
159,1259121,true,any_value,false,0,93
160,1267040,true,any_value,true,0,21
161,1274959,true,any_value,false,0,197
162,1282878,true,any_value,false,0,87
163,1290797,true,any_value,false,0,85
164,1298716,true,any_value,true,0,19
165,1306635,true,any_value,false,0,95
166,1314554,true,any_value,false,0,95
167,1322473,true,any_value,true,0,20
168,1330392,true,any_value,false,0,93
169,1338311,true,any_value,false,0,107
170,1346230,true,any_value,true,0,59
171,1354149,true,any_value,false,0,112
172,1362068,true,any_value,true,0,24
173,1369987,true,any_value,false,0,96
174,1377906,true,any_value,false,0,88
175,1385825,true,any_value,false,0,94
176,1393744,true,any_value,false,0,83
177,1401663,true,any_value,false,0,93
178,1409582,true,any_value,false,0,83
179,1417501,true,any_value,false,0,82
180,1425420,true,any_value,false,0,90
181,1433339,true,any_value,false,0,93
182,1441258,true,any_value,false,0,83
183,1449177,true,any_value,false,0,94
184,1457096,true,any_value,true,0,19
185,1465015,true,any_value,false,0,82
186,1472934,true,any_value,false,0,176
187,1480853,true,any_value,false,0,98
188,1488772,true,any_value,false,0,83
189,1496691,true,any_value,false,0,82
190,1504610,true,any_value,true,0,25
191,1512529,true,any_value,false,0,91
192,1520448,true,any_value,false,0,83
193,1528367,true,any_value,false,0,81
194,1536286,true,any_value,false,0,81
195,1544205,true,any_value,true,0,17
196,1552124,true,any_value,false,0,81
197,1560043,true,any_value,false,0,82
198,1567962,true,any_value,false,0,81
199,1575881,true,any_value,false,0,82
200,1583800,true,any_value,false,0,82
201,1591719,true,any_value,true,0,19
202,1599638,true,any_value,false,0,82
203,1607557,true,any_value,false,0,81
204,1615476,true,any_value,false,0,81
205,1623395,true,any_value,false,0,81
206,1631314,true,any_value,true,0,18
207,1639233,true,any_value,false,0,84
208,1647152,true,any_value,false,0,82
209,1655071,true,any_value,false,0,81
210,1662990,true,any_value,true,0,17
211,1670909,true,any_value,false,0,81
212,1678828,true,any_value,false,0,247
213,1686747,true,any_value,false,0,115
214,1694666,true,any_value,false,0,96
215,1702585,true,any_value,false,0,122
216,1710504,true,any_value,false,0,108
217,1718423,true,any_value,false,0,84
218,1726342,true,any_value,false,0,81
219,1734261,true,any_value,false,0,81
220,1742180,true,any_value,false,0,81
221,1750099,true,any_value,false,0,82
222,1758018,true,any_value,false,0,84
223,1765937,true,any_value,false,0,81
224,1773856,true,any_value,false,0,81
225,1781775,true,any_value,false,0,81
226,1789694,true,any_value,false,0,81
227,1797613,true,any_value,true,0,20
228,1805532,true,any_value,true,0,17
229,1813451,true,any_value,false,0,84
230,1821370,true,any_value,false,0,82
231,1829289,true,any_value,false,0,97
232,1837208,true,any_value,false,0,82
233,1845127,true,any_value,false,0,81
234,1853046,true,any_value,false,0,81
235,1860965,true,any_value,false,0,209
236,1868884,true,any_value,false,0,94
237,1876803,true,any_value,false,0,113
238,1884722,true,any_value,true,0,27
239,1892641,true,any_value,false,0,84
240,1900560,true,any_value,false,0,83
241,1908479,true,any_value,false,0,86
242,1916398,true,any_value,false,0,122
243,1924317,true,any_value,false,0,87
244,1932236,true,any_value,false,0,82
245,1940155,true,any_value,false,0,82
246,1948074,true,any_value,false,0,82
247,1955993,true,any_value,true,0,21
248,1963912,true,any_value,false,0,82
249,1971831,true,any_value,false,0,81
250,1979750,true,any_value,false,0,84
251,1987669,true,any_value,false,0,81
252,1995588,true,any_value,false,0,81
253,2003507,true,any_value,false,0,87
254,2011426,true,any_value,false,0,82
255,2019345,true,any_value,false,0,94
256,2027264,true,any_value,false,0,95
257,2035183,true,any_value,false,0,95
258,2043102,true,any_value,false,0,176
259,2051021,true,any_value,false,0,81
260,2058940,true,any_value,false,0,81
261,2066859,true,any_value,false,0,81
262,2074778,true,any_value,false,0,81
263,2082697,true,any_value,false,0,81
264,2090616,true,any_value,false,0,81
265,2098535,true,any_value,false,0,81
266,2106454,true,any_value,true,0,18
267,2114373,true,any_value,false,0,81
268,2122292,true,any_value,false,0,81
269,2130211,true,any_value,false,0,91
270,2138130,true,any_value,false,0,82
271,2146049,true,any_value,false,0,81
272,2153968,true,any_value,false,0,81
273,2161887,true,any_value,false,0,81
274,2169806,true,any_value,false,0,81
275,2177725,true,any_value,false,0,82
276,2185644,true,any_value,false,0,83
277,2193563,true,any_value,false,0,82
278,2201482,true,any_value,false,0,81
279,2209401,true,any_value,false,0,81
280,2217320,true,any_value,false,0,165
281,2225239,true,any_value,false,0,82
282,2233158,true,any_value,false,0,81
283,2241077,true,any_value,false,0,81
284,2248996,true,any_value,false,0,80
285,2256915,true,any_value,false,0,81
286,2264834,true,any_value,false,0,81
287,2272753,true,any_value,false,0,81
288,2280672,true,any_value,false,0,81
289,2288591,true,any_value,false,0,100
290,2296510,true,any_value,false,0,81
291,2304429,true,any_value,false,0,81
292,2312348,true,any_value,false,0,81
293,2320267,true,any_value,false,0,90
294,2328186,true,any_value,false,0,81
295,2336105,true,any_value,false,0,81
296,2344024,true,any_value,false,0,81
297,2351943,true,any_value,false,0,82
298,2359862,true,any_value,false,0,94
299,2367781,true,any_value,false,0,82
300,2375700,true,any_value,false,0,81
301,2383619,true,any_value,true,0,18
302,2391538,true,any_value,false,0,180
303,2399457,true,any_value,false,0,90
304,2407376,true,any_value,false,0,81
305,2415295,true,any_value,false,0,94
306,2423214,true,any_value,false,0,81
307,2431133,true,any_value,false,0,81
308,2439052,true,any_value,false,0,81
309,2446971,true,any_value,true,0,17
310,2454890,true,any_value,true,0,17
311,2462809,true,any_value,false,0,81
312,2470728,true,any_value,true,0,20
313,2478647,true,any_value,false,0,83
314,2486566,true,any_value,true,0,16
315,2494485,true,any_value,false,0,81
316,2502404,true,any_value,false,0,81
317,2510323,true,any_value,false,0,81
318,2518242,true,any_value,false,0,90
319,2526161,true,any_value,false,0,82
320,2534080,true,any_value,false,0,91
321,2541999,true,any_value,false,0,97
322,2549918,true,any_value,false,0,80
323,2557837,true,any_value,false,0,81
324,2565756,true,any_value,false,0,80
325,2573675,true,any_value,false,0,79
326,2581594,true,any_value,false,0,80
327,2589513,true,any_value,false,0,282
328,2597432,true,any_value,false,0,111
329,2605351,true,any_value,false,0,87
330,2613270,true,any_value,false,0,101
331,2621189,true,any_value,true,0,29
332,2629108,true,any_value,false,0,94
333,2637027,true,any_value,false,0,88
334,2644946,true,any_value,false,0,90
335,2652865,true,any_value,false,0,106
336,2660784,true,any_value,false,0,111
337,2668703,true,any_value,true,0,23
338,2676622,true,any_value,false,0,85
339,2684541,true,any_value,false,0,89
340,2692460,true,any_value,false,0,82
341,2700379,true,any_value,false,0,80
342,2708298,true,any_value,false,0,85
343,2716217,true,any_value,false,0,85
344,2724136,true,any_value,false,0,88
345,2732055,true,any_value,false,0,90
346,2739974,true,any_value,false,0,85
347,2747893,true,any_value,false,0,89
348,2755812,true,any_value,false,0,81
349,2763731,true,any_value,false,0,85
350,2771650,true,any_value,false,0,269
351,2779569,true,any_value,true,0,21
352,2787488,true,any_value,false,0,88
353,2795407,true,any_value,false,0,84
354,2803326,true,any_value,false,0,86
355,2811245,true,any_value,false,0,81
356,2819164,true,any_value,false,0,81
357,2827083,true,any_value,false,0,87
358,2835002,true,any_value,true,0,22
359,2842921,true,any_value,true,0,27
360,2850840,true,any_value,true,0,22
361,2858759,true,any_value,false,0,90
362,2866678,true,any_value,false,0,94
363,2874597,true,any_value,true,0,19
364,2882516,true,any_value,false,0,86
365,2890435,true,any_value,false,0,85
366,2898354,true,any_value,false,0,94
367,2906273,true,any_value,true,0,20
368,2914192,true,any_value,false,0,83
369,2922111,true,any_value,false,0,83
370,2930030,true,any_value,false,0,83
371,2937949,true,any_value,false,0,86
372,2945868,true,any_value,false,0,88
373,2953787,true,any_value,false,0,104
374,2961706,true,any_value,false,0,108
375,2969625,true,any_value,false,0,88
376,2977544,true,any_value,false,0,81
377,2985463,true,any_value,false,0,234
378,2993382,true,any_value,true,0,19
379,3001301,true,any_value,false,0,80
380,3009220,true,any_value,true,0,19
381,3017139,true,any_value,false,0,89
382,3025058,true,any_value,true,0,19
383,3032977,true,any_value,true,0,19
384,3040896,true,any_value,true,0,27
385,3048815,true,any_value,false,0,88
386,3056734,true,any_value,true,0,21
387,3064653,true,any_value,false,0,81
388,3072572,true,any_value,true,0,19
389,3080491,true,any_value,true,0,17
390,3088410,true,any_value,true,0,17
391,3096329,true,any_value,false,0,80
392,3104248,true,any_value,false,0,82
393,3112167,true,any_value,true,0,17
394,3120086,true,any_value,false,0,81
395,3128005,true,any_value,false,0,80
396,3135924,true,any_value,false,0,80
397,3143843,true,any_value,false,0,81
398,3151762,true,any_value,false,0,80
399,3159681,true,any_value,false,0,80
400,3167600,true,any_value,false,0,80
401,3175519,true,any_value,false,0,84
402,3183438,true,any_value,false,0,82
403,3191357,true,any_value,false,0,80
404,3199276,true,any_value,false,0,91
405,3207195,true,any_value,false,0,85
406,3215114,true,any_value,false,0,189
407,3223033,true,any_value,false,0,80
408,3230952,true,any_value,false,0,80
409,3238871,true,any_value,false,0,83
410,3246790,true,any_value,false,0,133
411,3254709,true,any_value,false,0,93
412,3262628,true,any_value,true,0,19
413,3270547,true,any_value,false,0,102
414,3278466,true,any_value,false,0,97
415,3286385,true,any_value,false,0,80
416,3294304,true,any_value,false,0,79
417,3302223,true,any_value,true,0,18
418,3310142,true,any_value,false,0,80
419,3318061,true,any_value,false,0,80
420,3325980,true,any_value,false,0,79
421,3333899,true,any_value,false,0,80
422,3341818,true,any_value,true,0,22
423,3349737,true,any_value,false,0,80
424,3357656,true,any_value,false,0,79
425,3365575,true,any_value,false,0,80
426,3373494,true,any_value,false,0,81
427,3381413,true,any_value,false,0,82
428,3389332,true,any_value,false,0,82
429,3397251,true,any_value,false,0,79
430,3405170,true,any_value,false,0,209
431,3413089,true,any_value,false,0,114
432,3421008,true,any_value,false,0,81
433,3428927,true,any_value,false,0,79
434,3436846,true,any_value,false,0,79
435,3444765,true,any_value,true,0,22
436,3452684,true,any_value,false,0,79
437,3460603,true,any_value,true,0,19
438,3468522,true,any_value,false,0,80
439,3476441,true,any_value,false,0,86
440,3484360,true,any_value,false,0,121
441,3492279,true,any_value,false,0,88
442,3500198,true,any_value,false,0,82
443,3508117,true,any_value,true,0,18
444,3516036,true,any_value,true,0,17
445,3523955,true,any_value,false,0,79
446,3531874,true,any_value,false,0,80
447,3539793,true,any_value,false,0,79
448,3547712,true,any_value,true,0,17
449,3555631,true,any_value,false,0,126
450,3563550,true,any_value,false,0,77
451,3571469,true,any_value,true,0,18
452,3579388,true,any_value,false,0,80
453,3587307,true,any_value,false,0,81
454,3595226,true,any_value,false,0,80
455,3603145,true,any_value,true,0,18
456,3611064,true,any_value,false,0,88
457,3618983,true,any_value,false,0,85
458,3626902,true,any_value,false,0,221
459,3634821,true,any_value,false,0,107
460,3642740,true,any_value,false,0,83
461,3650659,true,any_value,false,0,92
462,3658578,true,any_value,false,0,92
463,3666497,true,any_value,false,0,81
464,3674416,true,any_value,false,0,80
465,3682335,true,any_value,false,0,85
466,3690254,true,any_value,true,0,26
467,3698173,true,any_value,false,0,85
468,3706092,true,any_value,false,0,84
469,3714011,true,any_value,false,0,82
470,3721930,true,any_value,false,0,81
471,3729849,true,any_value,false,0,86
472,3737768,true,any_value,false,0,85
473,3745687,true,any_value,true,0,21
474,3753606,true,any_value,false,0,82
475,3761525,true,any_value,false,0,88
476,3769444,true,any_value,false,0,83
477,3777363,true,any_value,false,0,88
478,3785282,true,any_value,false,0,87
479,3793201,true,any_value,false,0,85
480,3801120,true,any_value,true,0,17
481,3809039,true,any_value,false,0,87
482,3816958,true,any_value,false,0,81
483,3824877,true,any_value,true,0,21
484,3832796,true,any_value,true,0,156
485,3840715,true,any_value,false,0,80
486,3848634,true,any_value,false,0,78
487,3856553,true,any_value,false,0,80
488,3864472,true,any_value,false,0,78
489,3872391,true,any_value,false,0,79
490,3880310,true,any_value,false,0,140
491,3888229,true,any_value,false,0,99
492,3896148,true,any_value,false,0,101
493,3904067,true,any_value,false,0,85
494,3911986,true,any_value,false,0,87
495,3919905,true,any_value,false,0,84
496,3927824,true,any_value,false,0,89
497,3935743,true,any_value,false,0,85
498,3943662,true,any_value,true,0,20
499,3951581,true,any_value,false,0,105
500,3959500,false,any_value,true,0,60
501,3967419,false,any_value,true,0,18
502,3975338,false,any_value,true,0,34
503,3983257,false,any_value,false,0,85
504,3991176,false,any_value,false,0,86
505,3999095,false,any_value,true,0,21
506,4007014,false,any_value,true,0,22
507,4014933,false,any_value,false,0,84
508,4022852,false,any_value,true,0,20
509,4030771,false,any_value,false,0,92
510,4038690,false,any_value,true,0,234
511,4046609,false,any_value,true,0,46
512,4054528,false,any_value,true,0,19
513,4062447,false,any_value,false,0,85
514,4070366,false,any_value,false,0,229
515,4078285,false,any_value,false,0,225
516,4086204,false,any_value,true,0,77
517,4094123,false,any_value,true,0,123
518,4102042,false,any_value,true,0,34
519,4109961,false,any_value,false,0,99
520,4117880,false,any_value,false,0,94
521,4125799,false,any_value,false,0,85
522,4133718,false,any_value,false,0,94
523,4141637,false,any_value,false,0,87
524,4149556,false,any_value,true,0,24
525,4157475,false,any_value,false,0,90
526,4165394,false,any_value,true,0,26
527,4173313,false,any_value,true,0,39
528,4181232,false,any_value,false,0,81
529,4189151,false,any_value,true,0,20
530,4197070,false,any_value,true,0,32
531,4204989,false,any_value,true,0,15
532,4212908,false,any_value,true,0,17
533,4220827,false,any_value,false,0,86
534,4228746,false,any_value,true,0,22
535,4236665,false,any_value,false,0,82
536,4244584,false,any_value,true,0,52
537,4252503,false,any_value,false,0,94
538,4260422,false,any_value,false,0,100
539,4268341,false,any_value,false,0,101
540,4276260,false,any_value,false,0,96
541,4284179,false,any_value,true,0,30
542,4292098,false,any_value,false,0,92
543,4300017,false,any_value,false,0,116
544,4307936,false,any_value,false,0,80
545,4315855,false,any_value,false,0,332
546,4323774,false,any_value,true,0,35
547,4331693,false,any_value,false,0,89
548,4339612,false,any_value,false,0,90
549,4347531,false,any_value,false,0,81
550,4355450,false,any_value,false,0,76
551,4363369,false,any_value,false,0,105
552,4371288,false,any_value,false,0,86
553,4379207,false,any_value,true,0,20
554,4387126,false,any_value,true,0,16
555,4395045,false,any_value,false,0,77
556,4402964,false,any_value,true,0,21
557,4410883,false,any_value,false,0,76
558,4418802,false,any_value,false,0,76
559,4426721,false,any_value,false,0,76
560,4434640,false,any_value,false,0,76
561,4442559,false,any_value,true,0,15
562,4450478,false,any_value,false,0,76
563,4458397,false,any_value,false,0,75
564,4466316,false,any_value,true,0,14
565,4474235,false,any_value,true,0,22
566,4482154,false,any_value,true,0,13
567,4490073,false,any_value,true,0,47
568,4497992,false,any_value,true,0,14
569,4505911,false,any_value,false,0,76
570,4513830,false,any_value,false,0,79
571,4521749,false,any_value,true,0,14
572,4529668,false,any_value,true,0,63
573,4537587,false,any_value,false,0,76
574,4545506,false,any_value,true,0,14
575,4553425,false,any_value,true,0,14
576,4561344,false,any_value,true,0,40
577,4569263,false,any_value,true,0,17
578,4577182,false,any_value,true,0,24
579,4585101,false,any_value,false,0,243
580,4593020,false,any_value,false,0,90
581,4600939,false,any_value,true,0,21
582,4608858,false,any_value,true,0,26
583,4616777,false,any_value,false,0,80
584,4624696,false,any_value,false,0,76
585,4632615,false,any_value,false,0,81
586,4640534,false,any_value,true,0,23
587,4648453,false,any_value,true,0,68
588,4656372,false,any_value,true,0,17
589,4664291,false,any_value,false,0,80
590,4672210,false,any_value,false,0,84
591,4680129,false,any_value,true,0,16
592,4688048,false,any_value,false,0,82
593,4695967,false,any_value,false,0,82
594,4703886,false,any_value,false,0,76
595,4711805,false,any_value,true,0,16
596,4719724,false,any_value,true,0,28
597,4727643,false,any_value,true,0,16
598,4735562,false,any_value,true,0,14
599,4743481,false,any_value,true,0,16
600,4751400,false,any_value,true,0,18
601,4759319,false,any_value,false,0,85
602,4767238,false,any_value,false,0,83
603,4775157,false,any_value,true,0,17
604,4783076,false,any_value,true,0,16
605,4790995,false,any_value,true,0,20
606,4798914,false,any_value,false,0,80
607,4806833,false,any_value,true,0,15
608,4814752,false,any_value,true,0,19
609,4822671,false,any_value,false,0,87
610,4830590,false,any_value,false,0,85
611,4838509,false,any_value,true,0,14
612,4846428,false,any_value,true,0,45
613,4854347,false,any_value,false,0,77
614,4862266,false,any_value,true,0,16
615,4870185,false,any_value,true,0,46
616,4878104,false,any_value,true,0,14
617,4886023,false,any_value,false,0,76
618,4893942,false,any_value,false,0,229
619,4901861,false,any_value,false,0,111
620,4909780,false,any_value,false,0,79
621,4917699,false,any_value,false,0,76
622,4925618,false,any_value,false,0,76
623,4933537,false,any_value,false,0,87
624,4941456,false,any_value,true,0,22
625,4949375,false,any_value,true,0,13
626,4957294,false,any_value,true,0,16
627,4965213,false,any_value,true,0,14
628,4973132,false,any_value,true,0,13
629,4981051,false,any_value,false,0,76
630,4988970,false,any_value,false,0,75
631,4996889,false,any_value,true,0,25
632,5004808,false,any_value,false,0,75
633,5012727,false,any_value,true,0,21
634,5020646,false,any_value,true,0,15
635,5028565,false,any_value,true,0,25
636,5036484,false,any_value,false,0,75
637,5044403,false,any_value,false,0,75
638,5052322,false,any_value,false,0,74
639,5060241,false,any_value,true,0,25
640,5068160,false,any_value,true,0,14
641,5076079,false,any_value,false,0,74
642,5083998,false,any_value,true,0,32
643,5091917,false,any_value,true,0,15
644,5099836,false,any_value,true,0,13
645,5107755,false,any_value,false,0,74
646,5115674,false,any_value,true,0,14
647,5123593,false,any_value,true,0,13
648,5131512,false,any_value,true,0,15
649,5139431,false,any_value,true,0,13
650,5147350,false,any_value,true,0,15
651,5155269,false,any_value,false,0,77
652,5163188,false,any_value,false,0,75
653,5171107,false,any_value,true,0,15
654,5179026,false,any_value,true,0,15
655,5186945,false,any_value,false,0,75
656,5194864,false,any_value,true,0,21
657,5202783,false,any_value,false,0,178
658,5210702,false,any_value,true,0,16
659,5218621,false,any_value,false,0,76
660,5226540,false,any_value,true,0,14
661,5234459,false,any_value,true,0,15
662,5242378,false,any_value,false,0,84
663,5250297,false,any_value,false,0,75
664,5258216,false,any_value,false,0,75
665,5266135,false,any_value,false,0,74
666,5274054,false,any_value,true,0,13
667,5281973,false,any_value,false,0,75
668,5289892,false,any_value,true,0,14
669,5297811,false,any_value,false,0,75
670,5305730,false,any_value,true,0,88
671,5313649,false,any_value,true,0,27
672,5321568,false,any_value,true,0,16
673,5329487,false,any_value,false,0,82
674,5337406,false,any_value,true,0,93
675,5345325,false,any_value,true,0,22
676,5353244,false,any_value,true,0,64
677,5361163,false,any_value,false,0,77
678,5369082,false,any_value,false,0,90
679,5377001,false,any_value,false,0,81
680,5384920,false,any_value,false,0,75
681,5392839,false,any_value,true,0,14
682,5400758,false,any_value,false,0,75
683,5408677,false,any_value,true,0,15
684,5416596,false,any_value,false,0,77
685,5424515,false,any_value,true,0,21
686,5432434,false,any_value,true,0,13
687,5440353,false,any_value,true,0,25
688,5448272,false,any_value,false,0,75
689,5456191,false,any_value,false,0,76
690,5464110,false,any_value,false,0,87
691,5472029,false,any_value,false,0,197
692,5479948,false,any_value,false,0,87
693,5487867,false,any_value,true,0,19
694,5495786,false,any_value,true,0,42
695,5503705,false,any_value,true,0,14
696,5511624,false,any_value,true,0,22
697,5519543,false,any_value,false,0,82
698,5527462,false,any_value,true,0,14
699,5535381,false,any_value,false,0,78
700,5543300,false,any_value,true,0,15
701,5551219,false,any_value,true,0,21
702,5559138,false,any_value,false,0,75
703,5567057,false,any_value,true,0,17
704,5574976,false,any_value,true,0,14
705,5582895,false,any_value,false,0,74
706,5590814,false,any_value,true,0,14
707,5598733,false,any_value,true,0,13
708,5606652,false,any_value,true,0,15
709,5614571,false,any_value,false,0,78
710,5622490,false,any_value,false,0,74
711,5630409,false,any_value,true,0,14
712,5638328,false,any_value,false,0,88
713,5646247,false,any_value,false,0,75
714,5654166,false,any_value,true,0,16
715,5662085,false,any_value,false,0,75
716,5670004,false,any_value,false,0,75
717,5677923,false,any_value,false,0,74
718,5685842,false,any_value,true,0,25
719,5693761,false,any_value,false,0,74
720,5701680,false,any_value,true,0,17
721,5709599,false,any_value,false,0,75
722,5717518,false,any_value,true,0,32
723,5725437,false,any_value,true,0,16
724,5733356,false,any_value,true,0,14
725,5741275,false,any_value,true,0,46
726,5749194,false,any_value,false,0,75
727,5757113,false,any_value,true,0,15
728,5765032,false,any_value,true,0,21
729,5772951,false,any_value,false,0,77
730,5780870,false,any_value,false,0,168
731,5788789,false,any_value,false,0,76
732,5796708,false,any_value,true,0,14
733,5804627,false,any_value,false,0,74
734,5812546,false,any_value,false,0,76
735,5820465,false,any_value,false,0,78
736,5828384,false,any_value,false,0,74
737,5836303,false,any_value,true,0,17
738,5844222,false,any_value,false,0,75
739,5852141,false,any_value,false,0,76
740,5860060,false,any_value,true,0,13
741,5867979,false,any_value,false,0,75
742,5875898,false,any_value,true,0,13
743,5883817,false,any_value,true,0,15
744,5891736,false,any_value,true,0,14
745,5899655,false,any_value,true,0,29
746,5907574,false,any_value,true,0,17
747,5915493,false,any_value,false,0,75
748,5923412,false,any_value,false,0,74
749,5931331,false,any_value,false,0,74
750,5939250,false,any_value,false,0,74
751,5947169,false,any_value,false,0,74
752,5955088,false,any_value,true,0,17
753,5963007,false,any_value,true,0,13
754,5970926,false,any_value,false,0,75
755,5978845,false,any_value,true,0,21
756,5986764,false,any_value,false,0,77
757,5994683,false,any_value,true,0,17
758,6002602,false,any_value,false,0,76
759,6010521,false,any_value,true,0,15
760,6018440,false,any_value,false,0,75
761,6026359,false,any_value,true,0,15
762,6034278,false,any_value,true,0,13
763,6042197,false,any_value,true,0,13
764,6050116,false,any_value,false,0,74
765,6058035,false,any_value,false,0,75
766,6065954,false,any_value,true,0,99
767,6073873,false,any_value,true,0,21
768,6081792,false,any_value,false,0,74
769,6089711,false,any_value,true,0,13
770,6097630,false,any_value,true,0,15
771,6105549,false,any_value,true,0,13
772,6113468,false,any_value,false,0,76
773,6121387,false,any_value,false,0,74
774,6129306,false,any_value,false,0,86
775,6137225,false,any_value,false,0,74
776,6145144,false,any_value,true,0,46
777,6153063,false,any_value,false,0,75
778,6160982,false,any_value,true,0,13
779,6168901,false,any_value,false,0,75
780,6176820,false,any_value,false,0,86
781,6184739,false,any_value,false,0,75
782,6192658,false,any_value,false,0,83
783,6200577,false,any_value,true,0,13
784,6208496,false,any_value,false,0,75
785,6216415,false,any_value,true,0,16
786,6224334,false,any_value,true,0,46
787,6232253,false,any_value,false,0,75
788,6240172,false,any_value,false,0,87
789,6248091,false,any_value,false,0,74
790,6256010,false,any_value,false,0,74
791,6263929,false,any_value,true,0,14
792,6271848,false,any_value,true,0,15
793,6279767,false,any_value,true,0,32
794,6287686,false,any_value,true,0,21
795,6295605,false,any_value,false,0,82
796,6303524,false,any_value,true,0,14
797,6311443,false,any_value,false,0,74
798,6319362,false,any_value,true,0,51
799,6327281,false,any_value,false,0,85
800,6335200,false,any_value,false,0,143
801,6343119,false,any_value,false,0,90
802,6351038,false,any_value,true,0,62
803,6358957,false,any_value,false,0,74
804,6366876,false,any_value,false,0,139
805,6374795,false,any_value,false,0,101
806,6382714,false,any_value,false,0,81
807,6390633,false,any_value,false,0,86
808,6398552,false,any_value,true,0,24
809,6406471,false,any_value,false,0,98
810,6414390,false,any_value,true,0,18
811,6422309,false,any_value,true,0,30
812,6430228,false,any_value,false,0,77
813,6438147,false,any_value,false,0,74
814,6446066,false,any_value,false,0,75
815,6453985,false,any_value,false,0,84
816,6461904,false,any_value,true,0,14
817,6469823,false,any_value,true,0,53
818,6477742,false,any_value,false,0,75
819,6485661,false,any_value,true,0,16
820,6493580,false,any_value,false,0,74
821,6501499,false,any_value,true,0,15
822,6509418,false,any_value,true,0,13
823,6517337,false,any_value,false,0,74
824,6525256,false,any_value,false,0,77
825,6533175,false,any_value,false,0,75
826,6541094,false,any_value,false,0,74
827,6549013,false,any_value,true,0,24
828,6556932,false,any_value,false,0,74
829,6564851,false,any_value,false,0,202
830,6572770,false,any_value,false,0,93
831,6580689,false,any_value,true,0,20
832,6588608,false,any_value,true,0,68
833,6596527,false,any_value,false,0,79
834,6604446,false,any_value,true,0,14
835,6612365,false,any_value,false,0,77
836,6620284,false,any_value,false,0,80
837,6628203,false,any_value,true,0,15
838,6636122,false,any_value,false,0,79
839,6644041,false,any_value,false,0,78
840,6651960,false,any_value,true,0,14
841,6659879,false,any_value,true,0,22
842,6667798,false,any_value,false,0,77
843,6675717,false,any_value,false,0,80
844,6683636,false,any_value,true,0,71
845,6691555,false,any_value,false,0,79
846,6699474,false,any_value,false,0,83
847,6707393,false,any_value,true,0,29
848,6715312,false,any_value,false,0,82
849,6723231,false,any_value,false,0,88
850,6731150,false,any_value,false,0,80
851,6739069,false,any_value,true,0,19
852,6746988,false,any_value,false,0,104
853,6754907,false,any_value,true,0,19
854,6762826,false,any_value,false,0,106
855,6770745,false,any_value,false,0,77
856,6778664,false,any_value,false,0,74
857,6786583,false,any_value,true,0,18
858,6794502,false,any_value,false,0,74
859,6802421,false,any_value,true,0,95
860,6810340,false,any_value,true,0,31
861,6818259,false,any_value,false,0,74
862,6826178,false,any_value,false,0,80
863,6834097,false,any_value,false,0,76
864,6842016,false,any_value,true,0,26
865,6849935,false,any_value,false,0,82
866,6857854,false,any_value,false,0,75
867,6865773,false,any_value,true,0,23
868,6873692,false,any_value,true,0,21
869,6881611,false,any_value,false,0,86
870,6889530,false,any_value,false,0,75
871,6897449,false,any_value,false,0,75
872,6905368,false,any_value,true,0,16
873,6913287,false,any_value,false,0,75
874,6921206,false,any_value,true,0,14
875,6929125,false,any_value,true,0,17
876,6937044,false,any_value,true,0,29
877,6944963,false,any_value,false,0,75
878,6952882,false,any_value,true,0,46
879,6960801,false,any_value,false,0,75
880,6968720,false,any_value,true,0,46
881,6976639,false,any_value,true,0,62
882,6984558,false,any_value,false,0,75
883,6992477,false,any_value,false,0,75
884,7000396,false,any_value,true,0,13
885,7008315,false,any_value,false,0,77
886,7016234,false,any_value,true,0,13
887,7024153,false,any_value,true,0,15
888,7032072,false,any_value,false,0,75
889,7039991,false,any_value,true,0,45
890,7047910,false,any_value,false,0,75
891,7055829,false,any_value,true,0,17
892,7063748,false,any_value,true,0,13
893,7071667,false,any_value,true,0,13
894,7079586,false,any_value,true,0,143
895,7087505,false,any_value,true,0,16
896,7095424,false,any_value,false,0,75
897,7103343,false,any_value,false,0,75
898,7111262,false,any_value,true,0,25
899,7119181,false,any_value,false,0,75
900,7127100,false,any_value,false,0,75
901,7135019,false,any_value,false,0,77
902,7142938,false,any_value,true,0,23
903,7150857,false,any_value,false,0,80
904,7158776,false,any_value,false,0,75
905,7166695,false,any_value,true,0,17
906,7174614,false,any_value,true,0,63
907,7182533,false,any_value,true,0,13
908,7190452,false,any_value,false,0,80
909,7198371,false,any_value,false,0,100
910,7206290,false,any_value,true,0,16
911,7214209,false,any_value,false,0,75
912,7222128,false,any_value,false,0,76
913,7230047,false,any_value,false,0,80
914,7237966,false,any_value,false,0,77
915,7245885,false,any_value,true,0,14
916,7253804,false,any_value,true,0,31
917,7261723,false,any_value,false,0,75
918,7269642,false,any_value,true,0,14
919,7277561,false,any_value,true,0,14
920,7285480,false,any_value,true,0,14
921,7293399,false,any_value,false,0,79
922,7301318,false,any_value,false,0,75
923,7309237,false,any_value,false,0,75
924,7317156,false,any_value,true,0,14
925,7325075,false,any_value,true,0,13
926,7332994,false,any_value,true,0,14
927,7340913,false,any_value,true,0,25
928,7348832,false,any_value,true,0,13
929,7356751,false,any_value,true,0,14
930,7364670,false,any_value,false,0,206
931,7372589,false,any_value,true,0,16
932,7380508,false,any_value,false,0,74
933,7388427,false,any_value,true,0,13
934,7396346,false,any_value,true,0,16
935,7404265,false,any_value,true,0,13
936,7412184,false,any_value,false,0,74
937,7420103,false,any_value,false,0,74
938,7428022,false,any_value,false,0,75
939,7435941,false,any_value,false,0,74
940,7443860,false,any_value,false,0,76
941,7451779,false,any_value,true,0,14
942,7459698,false,any_value,true,0,47
943,7467617,false,any_value,false,0,76
944,7475536,false,any_value,true,0,16
945,7483455,false,any_value,true,0,16
946,7491374,false,any_value,false,0,77
947,7499293,false,any_value,true,0,16
948,7507212,false,any_value,true,0,15
949,7515131,false,any_value,false,0,76
950,7523050,false,any_value,false,0,75
951,7530969,false,any_value,false,0,75
952,7538888,false,any_value,false,0,76
953,7546807,false,any_value,true,0,13
954,7554726,false,any_value,false,0,75
955,7562645,false,any_value,true,0,15
956,7570564,false,any_value,false,0,75
957,7578483,false,any_value,false,0,76
958,7586402,false,any_value,false,0,76
959,7594321,false,any_value,true,0,15
960,7602240,false,any_value,true,0,15
961,7610159,false,any_value,false,0,75
962,7618078,false,any_value,false,0,75
963,7625997,false,any_value,true,0,29
964,7633916,false,any_value,false,0,165
965,7641835,false,any_value,false,0,77
966,7649754,false,any_value,true,0,13
967,7657673,false,any_value,true,0,30
968,7665592,false,any_value,true,0,13
969,7673511,false,any_value,true,0,92
970,7681430,false,any_value,true,0,63
971,7689349,false,any_value,false,0,75
972,7697268,false,any_value,true,0,14
973,7705187,false,any_value,true,0,21
974,7713106,false,any_value,false,0,74
975,7721025,false,any_value,true,0,61
976,7728944,false,any_value,true,0,13
977,7736863,false,any_value,false,0,74
978,7744782,false,any_value,true,0,14
979,7752701,false,any_value,true,0,14
980,7760620,false,any_value,false,0,74
981,7768539,false,any_value,false,0,74
982,7776458,false,any_value,true,0,16
983,7784377,false,any_value,false,0,74
984,7792296,false,any_value,false,0,74
985,7800215,false,any_value,false,0,74
986,7808134,false,any_value,true,0,15
987,7816053,false,any_value,true,0,13
988,7823972,false,any_value,true,0,61
989,7831891,false,any_value,false,0,74
990,7839810,false,any_value,true,0,13
991,7847729,false,any_value,true,0,24
992,7855648,false,any_value,true,0,13
993,7863567,false,any_value,false,0,74
994,7871486,false,any_value,true,0,13
995,7879405,false,any_value,true,0,13
996,7887324,false,any_value,true,0,66
997,7895243,false,any_value,false,0,74
998,7903162,false,any_value,false,0,74
999,7911081,false,any_value,false,0,74
1000,7919000,true,combination,false,0,278
1001,7926919,true,combination,true,0,29
1002,7934838,true,combination,false,0,102
1003,7942757,true,combination,true,0,42
1004,7950676,true,combination,false,0,129
1005,7958595,true,combination,true,0,18
1006,7966514,true,combination,false,0,103
1007,7974433,true,combination,true,0,23
1008,7982352,true,combination,false,0,97
1009,7990271,true,combination,true,0,18
1010,7998190,true,combination,true,0,23
1011,8006109,true,combination,true,0,17
1012,8014028,true,combination,false,0,102
1013,8021947,true,combination,true,0,16
1014,8029866,true,combination,false,0,91
1015,8037785,true,combination,false,0,88
1016,8045704,true,combination,true,0,30
1017,8053623,true,combination,false,0,86
1018,8061542,true,combination,true,0,67
1019,8069461,true,combination,true,0,24
1020,8077380,true,combination,true,0,18
1021,8085299,true,combination,false,0,92
1022,8093218,true,combination,true,0,80
1023,8101137,true,combination,false,0,81
1024,8109056,true,combination,false,0,79
1025,8116975,true,combination,false,0,81
1026,8124894,true,combination,true,0,24
1027,8132813,true,combination,false,0,81
1028,8140732,true,combination,false,0,84
1029,8148651,true,combination,false,0,82
1030,8156570,true,combination,true,0,59
1031,8164489,true,combination,true,0,149
1032,8172408,true,combination,true,0,58
1033,8180327,true,combination,false,0,79
1034,8188246,true,combination,false,0,79
1035,8196165,true,combination,true,0,23
1036,8204084,true,combination,false,0,79
1037,8212003,true,combination,true,0,17
1038,8219922,true,combination,true,0,45
1039,8227841,true,combination,false,0,79
1040,8235760,true,combination,true,0,36
1041,8243679,true,combination,true,0,35
1042,8251598,true,combination,false,0,79
1043,8259517,true,combination,true,0,58
1044,8267436,true,combination,true,0,14
1045,8275355,true,combination,true,0,35
1046,8283274,true,combination,false,0,79
1047,8291193,true,combination,false,0,79
1048,8299112,true,combination,true,0,20
1049,8307031,true,combination,true,0,23
1050,8314950,true,combination,false,0,147
1051,8322869,true,combination,true,0,71
1052,8330788,true,combination,true,0,57
1053,8338707,true,combination,true,0,16
1054,8346626,true,combination,true,0,42
1055,8354545,true,combination,false,0,84
1056,8362464,true,combination,true,0,15
1057,8370383,true,combination,false,0,96
1058,8378302,true,combination,false,0,92
1059,8386221,true,combination,false,0,86
1060,8394140,true,combination,false,0,80
1061,8402059,true,combination,true,0,21
1062,8409978,true,combination,true,0,63
1063,8417897,true,combination,true,0,182
1064,8425816,true,combination,false,0,88
1065,8433735,true,combination,true,0,58
1066,8441654,true,combination,false,0,83
1067,8449573,true,combination,true,0,16
1068,8457492,true,combination,false,0,88
1069,8465411,true,combination,false,0,80
1070,8473330,true,combination,true,0,92
1071,8481249,true,combination,false,0,100
1072,8489168,true,combination,true,0,45
1073,8497087,true,combination,false,0,101
1074,8505006,true,combination,false,0,119
1075,8512925,true,combination,false,0,101
1076,8520844,true,combination,false,0,91
1077,8528763,true,combination,false,0,82
1078,8536682,true,combination,false,0,88
1079,8544601,true,combination,false,0,86
1080,8552520,true,combination,true,0,20
1081,8560439,true,combination,false,0,86
1082,8568358,true,combination,false,0,87
1083,8576277,true,combination,true,0,23
1084,8584196,true,combination,true,0,18
1085,8592115,true,combination,true,0,51
1086,8600034,true,combination,true,0,37
1087,8607953,true,combination,false,0,83
1088,8615872,true,combination,true,0,19
1089,8623791,true,combination,false,0,84
1090,8631710,true,combination,false,0,194
1091,8639629,true,combination,false,0,83
1092,8647548,true,combination,true,0,14
1093,8655467,true,combination,false,0,80
1094,8663386,true,combination,true,0,19
1095,8671305,true,combination,true,0,14
1096,8679224,true,combination,true,0,40
1097,8687143,true,combination,false,0,81
1098,8695062,true,combination,false,0,79
1099,8702981,true,combination,true,0,13
1100,8710900,true,combination,true,0,15
1101,8718819,true,combination,false,0,78
1102,8726738,true,combination,false,0,79
1103,8734657,true,combination,true,0,14
1104,8742576,true,combination,true,0,13
1105,8750495,true,combination,false,0,82
1106,8758414,true,combination,false,0,81
1107,8766333,true,combination,true,0,79
1108,8774252,true,combination,false,0,79
1109,8782171,true,combination,true,0,35
1110,8790090,true,combination,true,0,40
1111,8798009,true,combination,true,0,18
1112,8805928,true,combination,true,0,69
1113,8813847,true,combination,true,0,14
1114,8821766,true,combination,true,0,18
1115,8829685,true,combination,false,0,80
1116,8837604,true,combination,false,0,80
1117,8845523,true,combination,false,0,83
1118,8853442,true,combination,false,0,78
1119,8861361,true,combination,true,0,63
1120,8869280,true,combination,false,0,204
1121,8877199,true,combination,false,0,90
1122,8885118,true,combination,false,0,81
1123,8893037,true,combination,false,0,98
1124,8900956,true,combination,false,0,85
1125,8908875,true,combination,true,0,21
1126,8916794,true,combination,true,0,23
1127,8924713,true,combination,false,0,92
1128,8932632,true,combination,false,0,111
1129,8940551,true,combination,false,0,87
1130,8948470,true,combination,true,0,81
1131,8956389,true,combination,true,0,35
1132,8964308,true,combination,true,0,35
1133,8972227,true,combination,false,0,79
1134,8980146,true,combination,false,0,78
1135,8988065,true,combination,true,0,15
1136,8995984,true,combination,false,0,78
1137,9003903,true,combination,false,0,95
1138,9011822,true,combination,true,0,59
1139,9019741,true,combination,true,0,40
1140,9027660,true,combination,false,0,79
1141,9035579,true,combination,false,0,80
1142,9043498,true,combination,false,0,80
1143,9051417,true,combination,false,0,79
1144,9059336,true,combination,false,0,79
1145,9067255,true,combination,true,0,163
1146,9075174,true,combination,true,0,14
1147,9083093,true,combination,true,0,81
1148,9091012,true,combination,false,0,80
1149,9098931,true,combination,false,0,80
1150,9106850,true,combination,true,0,59
1151,9114769,true,combination,false,0,80
1152,9122688,true,combination,true,0,24
1153,9130607,true,combination,false,0,80
1154,9138526,true,combination,true,0,18
1155,9146445,true,combination,true,0,41
1156,9154364,true,combination,true,0,36
1157,9162283,true,combination,true,0,58
1158,9170202,true,combination,false,0,79
1159,9178121,true,combination,false,0,79
1160,9186040,true,combination,true,0,63
1161,9193959,true,combination,false,0,79
1162,9201878,true,combination,true,0,24
1163,9209797,true,combination,false,0,79
1164,9217716,true,combination,true,0,15
1165,9225635,true,combination,true,0,80
1166,9233554,true,combination,false,0,79
1167,9241473,true,combination,false,0,80
1168,9249392,true,combination,false,0,79
1169,9257311,true,combination,true,0,19
1170,9265230,true,combination,false,0,133
1171,9273149,true,combination,false,0,93
1172,9281068,true,combination,false,0,92
1173,9288987,true,combination,false,0,80
1174,9296906,true,combination,false,0,80
1175,9304825,true,combination,true,0,20
1176,9312744,true,combination,false,0,80
1177,9320663,true,combination,false,0,94
1178,9328582,true,combination,true,0,86
1179,9336501,true,combination,true,0,62
1180,9344420,true,combination,false,0,84
1181,9352339,true,combination,true,0,37
1182,9360258,true,combination,true,0,24
1183,9368177,true,combination,false,0,80
1184,9376096,true,combination,true,0,45
1185,9384015,true,combination,false,0,95
1186,9391934,true,combination,false,0,78
1187,9399853,true,combination,false,0,77
1188,9407772,true,combination,true,0,55
1189,9415691,true,combination,false,0,75
1190,9423610,true,combination,false,0,74
1191,9431529,true,combination,false,0,75
1192,9439448,true,combination,true,0,76
1193,9447367,true,combination,false,0,87
1194,9455286,true,combination,false,0,79
1195,9463205,true,combination,false,0,75
1196,9471124,true,combination,true,0,15
1197,9479043,true,combination,true,0,16
1198,9486962,true,combination,false,0,186
1199,9494881,true,combination,false,0,87
1200,9502800,true,combination,false,0,76
1201,9510719,true,combination,false,0,75
1202,9518638,true,combination,true,0,15
1203,9526557,true,combination,false,0,76
1204,9534476,true,combination,false,0,74
1205,9542395,true,combination,true,0,40
1206,9550314,true,combination,false,0,74
1207,9558233,true,combination,false,0,74
1208,9566152,true,combination,true,0,59
1209,9574071,true,combination,false,0,74
1210,9581990,true,combination,false,0,75
1211,9589909,true,combination,true,0,18
1212,9597828,true,combination,false,0,87
1213,9605747,true,combination,true,0,46
1214,9613666,true,combination,false,0,77
1215,9621585,true,combination,false,0,85
1216,9629504,true,combination,true,0,22
1217,9637423,true,combination,false,0,85
1218,9645342,true,combination,false,0,100
1219,9653261,true,combination,true,0,34
1220,9661180,true,combination,true,0,19
1221,9669099,true,combination,true,0,41
1222,9677018,true,combination,true,0,22
1223,9684937,true,combination,true,0,52
1224,9692856,true,combination,false,0,104
1225,9700775,true,combination,true,0,20
1226,9708694,true,combination,true,0,68
1227,9716613,true,combination,true,0,46
1228,9724532,true,combination,false,0,81
1229,9732451,true,combination,true,0,56
1230,9740370,true,combination,false,0,195
1231,9748289,true,combination,true,0,58
1232,9756208,true,combination,false,0,78
1233,9764127,true,combination,false,0,74
1234,9772046,true,combination,false,0,75
1235,9779965,true,combination,false,0,75
1236,9787884,true,combination,true,0,34
1237,9795803,true,combination,false,0,75
1238,9803722,true,combination,false,0,75
1239,9811641,true,combination,false,0,75
1240,9819560,true,combination,true,0,15
1241,9827479,true,combination,false,0,75
1242,9835398,true,combination,true,0,15
1243,9843317,true,combination,false,0,75
1244,9851236,true,combination,false,0,74
1245,9859155,true,combination,true,0,35
1246,9867074,true,combination,true,0,33
1247,9874993,true,combination,true,0,33
1248,9882912,true,combination,false,0,75
1249,9890831,true,combination,false,0,75
1250,9898750,true,combination,true,0,15
1251,9906669,true,combination,true,0,13
1252,9914588,true,combination,true,0,27
1253,9922507,true,combination,false,0,78
1254,9930426,true,combination,false,0,77
1255,9938345,true,combination,true,0,40
1256,9946264,true,combination,true,0,56
1257,9954183,true,combination,true,0,17
1258,9962102,true,combination,false,0,76
1259,9970021,true,combination,true,0,18
1260,9977940,true,combination,true,0,15
1261,9985859,true,combination,true,0,24
1262,9993778,true,combination,false,0,178
1263,10001697,true,combination,false,0,78
1264,10009616,true,combination,false,0,74
1265,10017535,true,combination,true,0,55
1266,10025454,true,combination,true,0,18
1267,10033373,true,combination,false,0,75
1268,10041292,true,combination,false,0,88
1269,10049211,true,combination,false,0,76
1270,10057130,true,combination,false,0,83
1271,10065049,true,combination,false,0,75
1272,10072968,true,combination,false,0,74
1273,10080887,true,combination,true,0,34
1274,10088806,true,combination,true,0,34
1275,10096725,true,combination,false,0,74
1276,10104644,true,combination,true,0,54
1277,10112563,true,combination,false,0,74
1278,10120482,true,combination,false,0,74
1279,10128401,true,combination,false,0,90
1280,10136320,true,combination,false,0,75
1281,10144239,true,combination,false,0,74
1282,10152158,true,combination,false,0,76
1283,10160077,true,combination,true,0,78
1284,10167996,true,combination,true,0,44
1285,10175915,true,combination,true,0,13
1286,10183834,true,combination,false,0,75
1287,10191753,true,combination,false,0,75
1288,10199672,true,combination,false,0,148
1289,10207591,true,combination,false,0,75
1290,10215510,true,combination,false,0,74
1291,10223429,true,combination,true,0,60
1292,10231348,true,combination,true,0,22
1293,10239267,true,combination,false,0,75
1294,10247186,true,combination,true,0,18
1295,10255105,true,combination,true,0,12
1296,10263024,true,combination,true,0,34
1297,10270943,true,combination,true,0,35
1298,10278862,true,combination,false,0,75
1299,10286781,true,combination,true,0,19
1300,10294700,true,combination,false,0,75
1301,10302619,true,combination,false,0,75
1302,10310538,true,combination,false,0,75
1303,10318457,true,combination,true,0,18
1304,10326376,true,combination,true,0,56
1305,10334295,true,combination,false,0,75
1306,10342214,true,combination,true,0,20
1307,10350133,true,combination,true,0,56
1308,10358052,true,combination,false,0,75
1309,10365971,true,combination,true,0,12
1310,10373890,true,combination,false,0,75
1311,10381809,true,combination,false,0,120
1312,10389728,true,combination,false,0,75
1313,10397647,true,combination,true,0,17
1314,10405566,true,combination,true,0,38
1315,10413485,true,combination,false,0,76
1316,10421404,true,combination,false,0,74
1317,10429323,true,combination,false,0,74
1318,10437242,true,combination,true,0,39
1319,10445161,true,combination,true,0,34
1320,10453080,true,combination,true,0,224
1321,10460999,true,combination,false,0,93
1322,10468918,true,combination,true,0,29
1323,10476837,true,combination,true,0,35
1324,10484756,true,combination,false,0,76
1325,10492675,true,combination,false,0,75
1326,10500594,true,combination,false,0,77
1327,10508513,true,combination,true,0,17
1328,10516432,true,combination,true,0,35
1329,10524351,true,combination,true,0,13
1330,10532270,true,combination,false,0,74
1331,10540189,true,combination,false,0,75
1332,10548108,true,combination,true,0,23
1333,10556027,true,combination,true,0,26
1334,10563946,true,combination,true,0,33
1335,10571865,true,combination,true,0,22
1336,10579784,true,combination,false,0,76
1337,10587703,true,combination,true,0,34
1338,10595622,true,combination,false,0,76
1339,10603541,true,combination,true,0,35
1340,10611460,true,combination,false,0,75
1341,10619379,true,combination,true,0,75
1342,10627298,true,combination,true,0,13
1343,10635217,true,combination,true,0,75
1344,10643136,true,combination,false,0,74
1345,10651055,true,combination,true,0,33
1346,10658974,true,combination,true,0,54
1347,10666893,true,combination,true,0,13
1348,10674812,true,combination,false,0,76
1349,10682731,true,combination,true,0,14
1350,10690650,true,combination,true,0,22
1351,10698569,true,combination,false,0,75
1352,10706488,true,combination,true,0,55
1353,10714407,true,combination,false,0,75
1354,10722326,true,combination,false,0,204
1355,10730245,true,combination,false,0,75
1356,10738164,true,combination,true,0,13
1357,10746083,true,combination,false,0,74
1358,10754002,true,combination,true,0,59
1359,10761921,true,combination,true,0,15
1360,10769840,true,combination,true,0,38
1361,10777759,true,combination,false,0,79
1362,10785678,true,combination,false,0,78
1363,10793597,true,combination,false,0,79
1364,10801516,true,combination,true,0,43
1365,10809435,true,combination,true,0,37
1366,10817354,true,combination,false,0,74
1367,10825273,true,combination,false,0,74
1368,10833192,true,combination,false,0,76
1369,10841111,true,combination,true,0,27
1370,10849030,true,combination,false,0,74
1371,10856949,true,combination,true,0,20
1372,10864868,true,combination,false,0,74
1373,10872787,true,combination,false,0,76
1374,10880706,true,combination,false,0,83
1375,10888625,true,combination,true,0,58
1376,10896544,true,combination,true,0,38
1377,10904463,true,combination,true,0,18
1378,10912382,true,combination,false,0,74
1379,10920301,true,combination,true,0,60
1380,10928220,true,combination,true,0,68
1381,10936139,true,combination,true,0,62
1382,10944058,true,combination,true,0,43
1383,10951977,true,combination,false,0,88
1384,10959896,true,combination,false,0,211
1385,10967815,true,combination,true,0,73
1386,10975734,true,combination,true,0,15
1387,10983653,true,combination,false,0,89
1388,10991572,true,combination,false,0,88
1389,10999491,true,combination,false,0,74
1390,11007410,true,combination,false,0,75
1391,11015329,true,combination,false,0,75
1392,11023248,true,combination,false,0,94
1393,11031167,true,combination,false,0,94
1394,11039086,true,combination,false,0,76
1395,11047005,true,combination,false,0,92
1396,11054924,true,combination,true,0,41
1397,11062843,true,combination,true,0,54
1398,11070762,true,combination,false,0,75
1399,11078681,true,combination,false,0,74
1400,11086600,true,combination,true,0,33
1401,11094519,true,combination,false,0,74
1402,11102438,true,combination,false,0,73
1403,11110357,true,combination,true,0,34
1404,11118276,true,combination,false,0,74
1405,11126195,true,combination,true,0,38
1406,11134114,true,combination,false,0,77
1407,11142033,true,combination,false,0,75
1408,11149952,true,combination,false,0,74
1409,11157871,true,combination,true,0,33
1410,11165790,true,combination,false,0,75
1411,11173709,true,combination,true,0,54
1412,11181628,true,combination,false,0,200
1413,11189547,true,combination,true,0,28
1414,11197466,true,combination,true,0,18
1415,11205385,true,combination,true,0,22
1416,11213304,true,combination,true,0,34
1417,11221223,true,combination,true,0,26
1418,11229142,true,combination,true,0,15
1419,11237061,true,combination,true,0,26
1420,11244980,true,combination,true,0,33
1421,11252899,true,combination,true,0,12
1422,11260818,true,combination,false,0,75
1423,11268737,true,combination,false,0,75
1424,11276656,true,combination,false,0,74
1425,11284575,true,combination,false,0,74
1426,11292494,true,combination,true,0,71
1427,11300413,true,combination,false,0,104
1428,11308332,true,combination,false,0,82
1429,11316251,true,combination,false,0,76
1430,11324170,true,combination,true,0,16
1431,11332089,true,combination,false,0,76
1432,11340008,true,combination,false,0,77
1433,11347927,true,combination,true,0,15
1434,11355846,true,combination,true,0,22
1435,11363765,true,combination,true,0,33
1436,11371684,true,combination,false,0,74
1437,11379603,true,combination,false,0,76
1438,11387522,true,combination,true,0,33
1439,11395441,true,combination,false,0,75
1440,11403360,true,combination,false,0,135
1441,11411279,true,combination,true,0,30
1442,11419198,true,combination,true,0,81
1443,11427117,true,combination,true,0,17
1444,11435036,true,combination,true,0,12
1445,11442955,true,combination,false,0,75
1446,11450874,true,combination,false,0,74
1447,11458793,true,combination,false,0,207
1448,11466712,true,combination,false,0,79
1449,11474631,true,combination,false,0,77
1450,11482550,true,combination,true,0,42
1451,11490469,true,combination,false,0,75
1452,11498388,true,combination,false,0,74
1453,11506307,true,combination,false,0,74
1454,11514226,true,combination,false,0,74
1455,11522145,true,combination,false,0,74
1456,11530064,true,combination,false,0,73
1457,11537983,true,combination,false,0,76
1458,11545902,true,combination,false,0,81
1459,11553821,true,combination,true,0,79
1460,11561740,true,combination,false,0,78
1461,11569659,true,combination,true,0,17
1462,11577578,true,combination,false,0,73
1463,11585497,true,combination,false,0,75
1464,11593416,true,combination,false,0,74
1465,11601335,true,combination,false,0,79
1466,11609254,true,combination,false,0,82
1467,11617173,true,combination,false,0,78
1468,11625092,true,combination,false,0,77
1469,11633011,true,combination,true,0,13
1470,11640930,true,combination,true,0,33
1471,11648849,true,combination,true,0,76
1472,11656768,true,combination,true,0,21
1473,11664687,true,combination,false,0,210
1474,11672606,true,combination,false,0,85
1475,11680525,true,combination,true,0,19
1476,11688444,true,combination,true,0,17
1477,11696363,true,combination,false,0,76
1478,11704282,true,combination,false,0,78
1479,11712201,true,combination,false,0,74
1480,11720120,true,combination,true,0,18
1481,11728039,true,combination,true,0,21
1482,11735958,true,combination,true,0,18
1483,11743877,true,combination,false,0,73
1484,11751796,true,combination,true,0,38
1485,11759715,true,combination,false,0,76
1486,11767634,true,combination,false,0,76
1487,11775553,true,combination,false,0,74
1488,11783472,true,combination,false,0,77
1489,11791391,true,combination,true,0,17
1490,11799310,true,combination,true,0,14
1491,11807229,true,combination,false,0,76
1492,11815148,true,combination,false,0,74
1493,11823067,true,combination,false,0,77
1494,11830986,true,combination,false,0,80
1495,11838905,true,combination,true,0,78
1496,11846824,true,combination,true,0,27
1497,11854743,true,combination,false,0,91
1498,11862662,true,combination,false,0,78
1499,11870581,true,combination,true,0,13
1500,11878500,false,combination,false,0,78
1501,11886419,false,combination,true,0,15
1502,11894338,false,combination,true,0,63
1503,11902257,false,combination,true,0,52
1504,11910176,false,combination,false,0,170
1505,11918095,false,combination,true,0,33
1506,11926014,false,combination,true,0,20
1507,11933933,false,combination,true,0,13
1508,11941852,false,combination,true,0,25
1509,11949771,false,combination,false,0,77
1510,11957690,false,combination,false,0,74
1511,11965609,false,combination,true,0,29
1512,11973528,false,combination,true,0,57
1513,11981447,false,combination,false,0,74
1514,11989366,false,combination,true,0,13
1515,11997285,false,combination,true,0,21
1516,12005204,false,combination,true,0,16
1517,12013123,false,combination,true,0,72
1518,12021042,false,combination,false,0,74
1519,12028961,false,combination,true,0,18
1520,12036880,false,combination,true,0,37
1521,12044799,false,combination,true,0,24
1522,12052718,false,combination,true,0,30
1523,12060637,false,combination,false,0,74
1524,12068556,false,combination,true,0,48
1525,12076475,false,combination,true,0,13
1526,12084394,false,combination,true,0,48
1527,12092313,false,combination,true,0,53
1528,12100232,false,combination,true,0,18
1529,12108151,false,combination,true,0,39
1530,12116070,false,combination,true,0,29
1531,12123989,false,combination,true,0,68
1532,12131908,false,combination,true,0,12
1533,12139827,false,combination,true,0,14
1534,12147746,false,combination,true,0,12
1535,12155665,false,combination,true,0,13
1536,12163584,false,combination,true,0,34
1537,12171503,false,combination,true,0,47
1538,12179422,false,combination,true,0,13
1539,12187341,false,combination,true,0,16
1540,12195260,false,combination,false,0,76
1541,12203179,false,combination,true,0,23
1542,12211098,false,combination,true,0,65
1543,12219017,false,combination,true,0,46
1544,12226936,false,combination,true,0,65
1545,12234855,false,combination,true,0,45
1546,12242774,false,combination,true,0,33
1547,12250693,false,combination,false,0,141
1548,12258612,false,combination,true,0,54
1549,12266531,false,combination,true,0,23
1550,12274450,false,combination,true,0,46
1551,12282369,false,combination,false,0,74
1552,12290288,false,combination,false,0,74
1553,12298207,false,combination,true,0,16
1554,12306126,false,combination,true,0,19
1555,12314045,false,combination,true,0,14
1556,12321964,false,combination,true,0,44
1557,12329883,false,combination,true,0,13
1558,12337802,false,combination,true,0,18
1559,12345721,false,combination,false,0,74
1560,12353640,false,combination,true,0,28
1561,12361559,false,combination,false,0,73
1562,12369478,false,combination,true,0,30
1563,12377397,false,combination,true,0,53
1564,12385316,false,combination,true,0,12
1565,12393235,false,combination,true,0,49
1566,12401154,false,combination,true,0,73
1567,12409073,false,combination,true,0,24
1568,12416992,false,combination,true,0,18
1569,12424911,false,combination,true,0,35
1570,12432830,false,combination,true,0,42
1571,12440749,false,combination,true,0,54
1572,12448668,false,combination,true,0,58
1573,12456587,false,combination,true,0,21
1574,12464506,false,combination,true,0,32
1575,12472425,false,combination,true,0,38
1576,12480344,false,combination,false,0,89
1577,12488263,false,combination,true,0,15
1578,12496182,false,combination,true,0,17
1579,12504101,false,combination,true,0,28
1580,12512020,false,combination,true,0,16
1581,12519939,false,combination,true,0,33
1582,12527858,false,combination,true,0,44
1583,12535777,false,combination,true,0,35
1584,12543696,false,combination,true,0,38
1585,12551615,false,combination,true,0,22
1586,12559534,false,combination,true,0,21
1587,12567453,false,combination,false,0,87
1588,12575372,false,combination,true,0,23
1589,12583291,false,combination,true,0,28
1590,12591210,false,combination,true,0,121
1591,12599129,false,combination,true,0,13
1592,12607048,false,combination,true,0,16
1593,12614967,false,combination,true,0,41
1594,12622886,false,combination,true,0,25
1595,12630805,false,combination,true,0,17
1596,12638724,false,combination,false,0,77
1597,12646643,false,combination,true,0,44
1598,12654562,false,combination,true,0,85
1599,12662481,false,combination,true,0,36
1600,12670400,false,combination,true,0,41
1601,12678319,false,combination,true,0,23
1602,12686238,false,combination,true,0,33
1603,12694157,false,combination,true,0,43
1604,12702076,false,combination,true,0,46
1605,12709995,false,combination,true,0,35
1606,12717914,false,combination,false,0,81
1607,12725833,false,combination,true,0,23
1608,12733752,false,combination,true,0,34
1609,12741671,false,combination,true,0,13
1610,12749590,false,combination,true,0,20
1611,12757509,false,combination,true,0,74
1612,12765428,false,combination,true,0,16
1613,12773347,false,combination,false,0,85
1614,12781266,false,combination,true,0,14
1615,12789185,false,combination,true,0,13
1616,12797104,false,combination,true,0,14
1617,12805023,false,combination,true,0,37
1618,12812942,false,combination,true,0,55
1619,12820861,false,combination,true,0,14
1620,12828780,false,combination,false,0,80
1621,12836699,false,combination,true,0,32
1622,12844618,false,combination,true,0,19
1623,12852537,false,combination,false,0,74
1624,12860456,false,combination,true,0,29
1625,12868375,false,combination,true,0,19
1626,12876294,false,combination,true,0,19
1627,12884213,false,combination,true,0,37
1628,12892132,false,combination,true,0,37
1629,12900051,false,combination,true,0,40
1630,12907970,false,combination,true,0,53
1631,12915889,false,combination,true,0,32
1632,12923808,false,combination,false,0,77
1633,12931727,false,combination,true,0,32
1634,12939646,false,combination,true,0,53
1635,12947565,false,combination,true,0,19
1636,12955484,false,combination,true,0,89
1637,12963403,false,combination,false,0,75
1638,12971322,false,combination,true,0,54
1639,12979241,false,combination,true,0,25
1640,12987160,false,combination,true,0,12
1641,12995079,false,combination,true,0,14
1642,13002998,false,combination,true,0,53
1643,13010917,false,combination,true,0,21
1644,13018836,false,combination,true,0,12
1645,13026755,false,combination,true,0,13
1646,13034674,false,combination,true,0,26
1647,13042593,false,combination,true,0,60
1648,13050512,false,combination,true,0,32
1649,13058431,false,combination,true,0,45
1650,13066350,false,combination,true,0,34
1651,13074269,false,combination,false,0,74
1652,13082188,false,combination,true,0,44
1653,13090107,false,combination,true,0,50
1654,13098026,false,combination,true,0,13
1655,13105945,false,combination,true,0,35
1656,13113864,false,combination,true,0,21
1657,13121783,false,combination,true,0,12
1658,13129702,false,combination,true,0,22
1659,13137621,false,combination,true,0,29
1660,13145540,false,combination,true,0,14
1661,13153459,false,combination,true,0,34
1662,13161378,false,combination,false,0,74
1663,13169297,false,combination,true,0,21
1664,13177216,false,combination,true,0,14
1665,13185135,false,combination,true,0,39
1666,13193054,false,combination,true,0,12
1667,13200973,false,combination,true,0,13
1668,13208892,false,combination,false,0,75
1669,13216811,false,combination,false,0,74
1670,13224730,false,combination,true,0,30
1671,13232649,false,combination,true,0,32
1672,13240568,false,combination,true,0,44
1673,13248487,false,combination,true,0,33
1674,13256406,false,combination,false,0,84
1675,13264325,false,combination,true,0,28
1676,13272244,false,combination,true,0,40
1677,13280163,false,combination,true,0,13
1678,13288082,false,combination,true,0,19
1679,13296001,false,combination,true,0,33
1680,13303920,false,combination,true,0,35
1681,13311839,false,combination,true,0,18
1682,13319758,false,combination,true,0,37
1683,13327677,false,combination,true,0,23
1684,13335596,false,combination,true,0,26
1685,13343515,false,combination,true,0,25
1686,13351434,false,combination,true,0,242
1687,13359353,false,combination,true,0,29
1688,13367272,false,combination,true,0,50
1689,13375191,false,combination,true,0,28
1690,13383110,false,combination,true,0,25
1691,13391029,false,combination,true,0,21
1692,13398948,false,combination,true,0,38
1693,13406867,false,combination,true,0,26
1694,13414786,false,combination,true,0,38
1695,13422705,false,combination,false,0,78
1696,13430624,false,combination,true,0,76
1697,13438543,false,combination,true,0,40
1698,13446462,false,combination,true,0,62
1699,13454381,false,combination,false,0,81
1700,13462300,false,combination,true,0,54
1701,13470219,false,combination,true,0,20
1702,13478138,false,combination,true,0,65
1703,13486057,false,combination,true,0,43
1704,13493976,false,combination,true,0,23
1705,13501895,false,combination,true,0,23
1706,13509814,false,combination,true,0,76
1707,13517733,false,combination,true,0,55
1708,13525652,false,combination,true,0,23
1709,13533571,false,combination,true,0,12
1710,13541490,false,combination,true,0,32
1711,13549409,false,combination,true,0,32
1712,13557328,false,combination,true,0,34
1713,13565247,false,combination,true,0,57
1714,13573166,false,combination,true,0,13
1715,13581085,false,combination,true,0,19
1716,13589004,false,combination,true,0,12
1717,13596923,false,combination,true,0,69
1718,13604842,false,combination,true,0,14
1719,13612761,false,combination,true,0,40
1720,13620680,false,combination,true,0,74
1721,13628599,false,combination,true,0,16
1722,13636518,false,combination,true,0,16
1723,13644437,false,combination,true,0,24
1724,13652356,false,combination,true,0,26
1725,13660275,false,combination,true,0,14
1726,13668194,false,combination,true,0,48
1727,13676113,false,combination,true,0,51
1728,13684032,false,combination,false,0,78
1729,13691951,false,combination,true,0,20
1730,13699870,false,combination,true,0,24
1731,13707789,false,combination,true,0,21
1732,13715708,false,combination,true,0,138
1733,13723627,false,combination,true,0,17
1734,13731546,false,combination,true,0,16
1735,13739465,false,combination,true,0,72
1736,13747384,false,combination,true,0,18
1737,13755303,false,combination,true,0,58
1738,13763222,false,combination,true,0,22
1739,13771141,false,combination,false,0,75
1740,13779060,false,combination,true,0,12
1741,13786979,false,combination,true,0,30
1742,13794898,false,combination,true,0,33
1743,13802817,false,combination,true,0,17
1744,13810736,false,combination,false,0,75
1745,13818655,false,combination,true,0,12
1746,13826574,false,combination,true,0,14
1747,13834493,false,combination,true,0,36
1748,13842412,false,combination,false,0,78
1749,13850331,false,combination,true,0,25
1750,13858250,false,combination,true,0,66
1751,13866169,false,combination,false,0,77
1752,13874088,false,combination,true,0,22
1753,13882007,false,combination,true,0,33
1754,13889926,false,combination,false,0,77
1755,13897845,false,combination,true,0,51
1756,13905764,false,combination,true,0,14
1757,13913683,false,combination,true,0,42
1758,13921602,false,combination,true,0,77
1759,13929521,false,combination,true,0,27
1760,13937440,false,combination,true,0,39
1761,13945359,false,combination,true,0,17
1762,13953278,false,combination,true,0,13
1763,13961197,false,combination,true,0,31
1764,13969116,false,combination,true,0,23
1765,13977035,false,combination,false,0,78
1766,13984954,false,combination,true,0,14
1767,13992873,false,combination,true,0,24
1768,14000792,false,combination,true,0,75
1769,14008711,false,combination,true,0,13
1770,14016630,false,combination,false,0,78
1771,14024549,false,combination,true,0,57
1772,14032468,false,combination,true,0,52
1773,14040387,false,combination,true,0,17
1774,14048306,false,combination,true,0,37
1775,14056225,false,combination,true,0,13
1776,14064144,false,combination,true,0,128
1777,14072063,false,combination,true,0,69
1778,14079982,false,combination,true,0,30
1779,14087901,false,combination,true,0,35
1780,14095820,false,combination,true,0,71
1781,14103739,false,combination,false,0,120
1782,14111658,false,combination,false,0,81
1783,14119577,false,combination,true,0,13
1784,14127496,false,combination,true,0,12
1785,14135415,false,combination,false,0,76
1786,14143334,false,combination,true,0,16
1787,14151253,false,combination,true,0,46
1788,14159172,false,combination,true,0,28
1789,14167091,false,combination,true,0,62
1790,14175010,false,combination,false,0,87
1791,14182929,false,combination,true,0,19
1792,14190848,false,combination,false,0,76
1793,14198767,false,combination,true,0,31
1794,14206686,false,combination,true,0,37
1795,14214605,false,combination,true,0,14
1796,14222524,false,combination,true,0,48
1797,14230443,false,combination,true,0,17
1798,14238362,false,combination,true,0,57
1799,14246281,false,combination,true,0,49
1800,14254200,false,combination,true,0,50
1801,14262119,false,combination,true,0,13
1802,14270038,false,combination,true,0,26
1803,14277957,false,combination,true,0,41
1804,14285876,false,combination,true,0,43
1805,14293795,false,combination,true,0,20
1806,14301714,false,combination,false,0,76
1807,14309633,false,combination,true,0,16
1808,14317552,false,combination,false,0,81
1809,14325471,false,combination,true,0,21
1810,14333390,false,combination,true,0,17
1811,14341309,false,combination,true,0,33
1812,14349228,false,combination,true,0,22
1813,14357147,false,combination,true,0,25
1814,14365066,false,combination,true,0,51
1815,14372985,false,combination,true,0,17
1816,14380904,false,combination,true,0,16
1817,14388823,false,combination,true,0,20
1818,14396742,false,combination,true,0,16
1819,14404661,false,combination,true,0,18
1820,14412580,false,combination,true,0,16
1821,14420499,false,combination,true,0,37
1822,14428418,false,combination,true,0,153
1823,14436337,false,combination,true,0,29
1824,14444256,false,combination,false,0,78
1825,14452175,false,combination,true,0,15
1826,14460094,false,combination,true,0,51
1827,14468013,false,combination,true,0,20
1828,14475932,false,combination,true,0,13
1829,14483851,false,combination,true,0,57
1830,14491770,false,combination,true,0,40
1831,14499689,false,combination,true,0,23
1832,14507608,false,combination,true,0,58
1833,14515527,false,combination,true,0,24
1834,14523446,false,combination,true,0,38
1835,14531365,false,combination,true,0,13
1836,14539284,false,combination,true,0,17
1837,14547203,false,combination,true,0,59
1838,14555122,false,combination,true,0,14
1839,14563041,false,combination,true,0,17
1840,14570960,false,combination,true,0,42
1841,14578879,false,combination,false,0,75
1842,14586798,false,combination,true,0,70
1843,14594717,false,combination,true,0,74
1844,14602636,false,combination,true,0,37
1845,14610555,false,combination,false,0,76
1846,14618474,false,combination,false,0,75
1847,14626393,false,combination,false,0,75
1848,14634312,false,combination,true,0,62
1849,14642231,false,combination,true,0,17
1850,14650150,false,combination,true,0,12
1851,14658069,false,combination,true,0,38
1852,14665988,false,combination,true,0,68
1853,14673907,false,combination,true,0,12
1854,14681826,false,combination,true,0,28
1855,14689745,false,combination,true,0,26
1856,14697664,false,combination,true,0,30
1857,14705583,false,combination,true,0,26
1858,14713502,false,combination,true,0,13
1859,14721421,false,combination,true,0,34
1860,14729340,false,combination,true,0,57
1861,14737259,false,combination,true,0,24
1862,14745178,false,combination,true,0,39
1863,14753097,false,combination,true,0,20
1864,14761016,false,combination,true,0,39
1865,14768935,false,combination,false,0,168
1866,14776854,false,combination,true,0,52
1867,14784773,false,combination,false,0,75
1868,14792692,false,combination,true,0,34
1869,14800611,false,combination,true,0,30
1870,14808530,false,combination,true,0,47
1871,14816449,false,combination,true,0,34
1872,14824368,false,combination,true,0,21
1873,14832287,false,combination,true,0,34
1874,14840206,false,combination,true,0,31
1875,14848125,false,combination,true,0,48
1876,14856044,false,combination,false,0,83
1877,14863963,false,combination,true,0,41
1878,14871882,false,combination,true,0,24
1879,14879801,false,combination,true,0,38
1880,14887720,false,combination,true,0,55
1881,14895639,false,combination,false,0,75
1882,14903558,false,combination,false,0,76
1883,14911477,false,combination,true,0,49
1884,14919396,false,combination,true,0,38
1885,14927315,false,combination,false,0,75
1886,14935234,false,combination,true,0,40
1887,14943153,false,combination,true,0,12
1888,14951072,false,combination,true,0,47
1889,14958991,false,combination,true,0,37
1890,14966910,false,combination,false,0,75
1891,14974829,false,combination,true,0,16
1892,14982748,false,combination,true,0,66
1893,14990667,false,combination,true,0,32
1894,14998586,false,combination,true,0,20
1895,15006505,false,combination,true,0,51
1896,15014424,false,combination,true,0,63
1897,15022343,false,combination,true,0,62
1898,15030262,false,combination,true,0,19
1899,15038181,false,combination,true,0,17
1900,15046100,false,combination,true,0,16
1901,15054019,false,combination,false,0,75
1902,15061938,false,combination,true,0,12
1903,15069857,false,combination,true,0,14
1904,15077776,false,combination,true,0,34
1905,15085695,false,combination,true,0,91
1906,15093614,false,combination,true,0,33
1907,15101533,false,combination,true,0,13
1908,15109452,false,combination,true,0,36
1909,15117371,false,combination,true,0,13
1910,15125290,false,combination,false,0,75
1911,15133209,false,combination,true,0,12
1912,15141128,false,combination,true,0,67
1913,15149047,false,combination,true,0,18
1914,15156966,false,combination,true,0,44
1915,15164885,false,combination,true,0,16
1916,15172804,false,combination,false,0,75
1917,15180723,false,combination,true,0,33
1918,15188642,false,combination,true,0,16
1919,15196561,false,combination,true,0,12
1920,15204480,false,combination,true,0,17
1921,15212399,false,combination,true,0,46
1922,15220318,false,combination,true,0,23
1923,15228237,false,combination,false,0,75
1924,15236156,false,combination,true,0,20
1925,15244075,false,combination,true,0,28
1926,15251994,false,combination,true,0,12
1927,15259913,false,combination,true,0,38
1928,15267832,false,combination,true,0,18
1929,15275751,false,combination,true,0,74
1930,15283670,false,combination,true,0,21
1931,15291589,false,combination,true,0,22
1932,15299508,false,combination,true,0,16
1933,15307427,false,combination,true,0,70
1934,15315346,false,combination,false,0,75
1935,15323265,false,combination,true,0,30
1936,15331184,false,combination,true,0,16
1937,15339103,false,combination,true,0,18
1938,15347022,false,combination,true,0,49
1939,15354941,false,combination,true,0,48
1940,15362860,false,combination,true,0,25
1941,15370779,false,combination,true,0,85
1942,15378698,false,combination,true,0,107
1943,15386617,false,combination,true,0,22
1944,15394536,false,combination,true,0,25
1945,15402455,false,combination,true,0,13
1946,15410374,false,combination,true,0,30
1947,15418293,false,combination,true,0,21
1948,15426212,false,combination,true,0,20
1949,15434131,false,combination,true,0,21
1950,15442050,false,combination,true,0,18
1951,15449969,false,combination,true,0,49
1952,15457888,false,combination,false,0,75
1953,15465807,false,combination,false,0,74
1954,15473726,false,combination,true,0,87
1955,15481645,false,combination,false,0,78
1956,15489564,false,combination,false,0,75
1957,15497483,false,combination,true,0,56
1958,15505402,false,combination,true,0,13
1959,15513321,false,combination,true,0,71
1960,15521240,false,combination,true,0,14
1961,15529159,false,combination,true,0,25
1962,15537078,false,combination,true,0,46
1963,15544997,false,combination,false,0,75
1964,15552916,false,combination,true,0,32
1965,15560835,false,combination,false,0,75
1966,15568754,false,combination,false,0,75
1967,15576673,false,combination,true,0,14
1968,15584592,false,combination,true,0,13
1969,15592511,false,combination,false,0,75
1970,15600430,false,combination,true,0,16
1971,15608349,false,combination,true,0,18
1972,15616268,false,combination,true,0,20
1973,15624187,false,combination,true,0,21
1974,15632106,false,combination,true,0,15
1975,15640025,false,combination,true,0,33
1976,15647944,false,combination,true,0,17
1977,15655863,false,combination,false,0,76
1978,15663782,false,combination,true,0,16
1979,15671701,false,combination,true,0,17
1980,15679620,false,combination,true,0,42
1981,15687539,false,combination,true,0,30
1982,15695458,false,combination,true,0,21
1983,15703377,false,combination,true,0,16
1984,15711296,false,combination,true,0,14
1985,15719215,false,combination,true,0,58
1986,15727134,false,combination,true,0,59
1987,15735053,false,combination,true,0,20
1988,15742972,false,combination,false,0,95
1989,15750891,false,combination,true,0,13
1990,15758810,false,combination,true,0,17
1991,15766729,false,combination,true,0,48
1992,15774648,false,combination,false,0,75
1993,15782567,false,combination,true,0,17
1994,15790486,false,combination,true,0,26
1995,15798405,false,combination,true,0,24
1996,15806324,false,combination,true,0,13
1997,15814243,false,combination,true,0,67
1998,15822162,false,combination,true,0,13
1999,15830081,false,combination,true,0,59
